{"pool_tc_sum_mean": 13050609.967778878, "area_sum_mean": 608498.4096054047, "pool_tc_per_ha_mean": 21.44723759630179}