{"pool_tc_sum_mean": 8589542.739611091, "area_sum_mean": 1142790.3822968893, "pool_tc_per_ha_mean": 7.516288964864233}