{"pool_tc_sum_mean": 20786056.032020453, "area_sum_mean": 1142790.3822968886, "pool_tc_per_ha_mean": 18.188861539281305}