{"pool_tc_sum_mean": 20881145.04849313, "area_sum_mean": 1142790.3822968893, "pool_tc_per_ha_mean": 18.27206928931638}