{"pool_tc_sum_mean": 30593565.300462544, "area_sum_mean": 417245.76510773913, "pool_tc_per_ha_mean": 73.32265024322733}