{"pool_tc_sum_mean": 11969184.861040577, "area_sum_mean": 608498.4096054053, "pool_tc_per_ha_mean": 19.67003474799921}