{"pool_tc_sum_mean": 10312240.270567251, "area_sum_mean": 1142790.3822968893, "pool_tc_per_ha_mean": 9.023737362788024}