{"pool_tc_sum_mean": 83965986.06718059, "area_sum_mean": 1142790.3822968893, "pool_tc_per_ha_mean": 73.47452985946356}