{"pool_tc_sum_mean": 30482518.25375104, "area_sum_mean": 417245.7651077392, "pool_tc_per_ha_mean": 73.05650722633456}