{"pool_tc_sum_mean": 8153183.076483134, "area_sum_mean": 417245.7651077392, "pool_tc_per_ha_mean": 19.54048131411917}