{"pool_tc_sum_mean": 7951634.959761868, "area_sum_mean": 417245.76510773913, "pool_tc_per_ha_mean": 19.057437186231564}