{"pool_tc_sum_mean": 8724307.191076383, "area_sum_mean": 1142790.3822968886, "pool_tc_per_ha_mean": 7.63421474858884}