{"pool_tc_sum_mean": 42256326.83290398, "area_sum_mean": 608498.4096054047, "pool_tc_per_ha_mean": 69.44361097066154}