{"pool_tc_sum_mean": 54935317.14341779, "area_sum_mean": 417245.7651077392, "pool_tc_per_ha_mean": 131.66177283844368}