{"pool_tc_sum_mean": 42168571.675422125, "area_sum_mean": 608498.4096054053, "pool_tc_per_ha_mean": 69.2993950514469}