{"pool_tc_sum_mean": 9674571.568380883, "area_sum_mean": 1142790.3822968886, "pool_tc_per_ha_mean": 8.465744652957273}