{"pool_tc_sum_mean": 10279599.856210351, "area_sum_mean": 417245.76510773913, "pool_tc_per_ha_mean": 24.636798539000154}