{"pool_tc_sum_mean": 9683586.49464787, "area_sum_mean": 417245.7651077392, "pool_tc_per_ha_mean": 23.20835177835159}