{"pool_tc_sum_mean": 9672169.168770757, "area_sum_mean": 608498.4096054053, "pool_tc_per_ha_mean": 15.89514288959752}