{"pool_tc_sum_mean": 78277394.92039, "area_sum_mean": 608498.4096054053, "pool_tc_per_ha_mean": 128.64026213503297}