{"pool_tc_sum_mean": 9535513.887219373, "area_sum_mean": 608498.4096054047, "pool_tc_per_ha_mean": 15.670565011670128}