{"pool_tc_sum_mean": 16133235.926113313, "area_sum_mean": 608498.4096054053, "pool_tc_per_ha_mean": 26.51319324988092}