{"pool_tc_sum_mean": 86748893.2002402, "area_sum_mean": 417245.7651077392, "pool_tc_per_ha_mean": 207.90838506854664}