{"pool_tc_sum_mean": 17917198.283526324, "area_sum_mean": 1142790.3822968893, "pool_tc_per_ha_mean": 15.678464363267235}