{"pool_tc_sum_mean": 46617719.93403842, "area_sum_mean": 608498.4096054053, "pool_tc_per_ha_mean": 76.61107933588315}