{"pool_tc_sum_mean": 34251795.13639594, "area_sum_mean": 417245.76510773925, "pool_tc_per_ha_mean": 82.09021636816756}