{"pool_tc_sum_mean": 46735260.3360638, "area_sum_mean": 608498.4096054047, "pool_tc_per_ha_mean": 76.80424401827182}