{"pool_tc_sum_mean": 30741339.146172527, "area_sum_mean": 1142790.3822968893, "pool_tc_per_ha_mean": 26.900243143791286}