{"pool_tc_sum_mean": 18171994.726452958, "area_sum_mean": 1142790.3822968886, "pool_tc_per_ha_mean": 15.901424275140608}