{"pool_tc_sum_mean": 130697056.5519555, "area_sum_mean": 1142790.3822968893, "pool_tc_per_ha_mean": 114.36660526427256}