{"pool_tc_sum_mean": 30627284.392161228, "area_sum_mean": 1142790.3822968886, "pool_tc_per_ha_mean": 26.800439403947035}