{"pool_tc_sum_mean": 14287409.81652906, "area_sum_mean": 417245.76510773925, "pool_tc_per_ha_mean": 34.242192518933855}