{"pool_tc_sum_mean": 13381156.015642991, "area_sum_mean": 417245.7651077392, "pool_tc_per_ha_mean": 32.07020210783391}