{"pool_tc_sum_mean": 34094976.88782139, "area_sum_mean": 417245.7651077392, "pool_tc_per_ha_mean": 81.71437492964739}