{"pool_tc_sum_mean": 119890421.62812832, "area_sum_mean": 608498.4096054053, "pool_tc_per_ha_mean": 197.0266803258763}