{"pool_tc_sum_mean": 17392918.975255907, "area_sum_mean": 608498.4096054047, "pool_tc_per_ha_mean": 28.583343359163027}