{"pool_tc_sum_mean": 130697056.55195549, "area_sum_mean": 1142790.3822968886, "pool_tc_per_ha_mean": 114.36660526427264}