{"pool_tc_sum_mean": 16569467.895805666, "area_sum_mean": 608498.4096054053, "pool_tc_per_ha_mean": 27.230092362197816}