{"pool_tc_sum_mean": 14083067.189838104, "area_sum_mean": 417245.76510773925, "pool_tc_per_ha_mean": 33.75245087556884}