{"pool_tc_sum_mean": 19062652.093303226, "area_sum_mean": 1142790.3822968893, "pool_tc_per_ha_mean": 16.68079499845744}