{"pool_tc_sum_mean": 16323028.913829023, "area_sum_mean": 608498.4096054047, "pool_tc_per_ha_mean": 26.825097085157676}