{"pool_tc_sum_mean": 14644334.005379753, "area_sum_mean": 417245.7651077392, "pool_tc_per_ha_mean": 35.09762166573065}