{"pool_tc_sum_mean": 18914397.276649814, "area_sum_mean": 1142790.3822968886, "pool_tc_per_ha_mean": 16.55106445561246}