{"pool_tc_sum_mean": 18173464.675151292, "area_sum_mean": 1142790.3822968886, "pool_tc_per_ha_mean": 15.90271055539034}