{"pool_tc_sum_mean": 15284090.039994119, "area_sum_mean": 417245.7651077396, "pool_tc_per_ha_mean": 36.63090513584367}