{"pool_tc_sum_mean": 50778555.383120194, "area_sum_mean": 608498.4096054047, "pool_tc_per_ha_mean": 83.44895332766563}