{"pool_tc_sum_mean": 14448783.323592331, "area_sum_mean": 417245.7651077396, "pool_tc_per_ha_mean": 34.628951404363406}