{"pool_tc_sum_mean": 119628496.6929402, "area_sum_mean": 1142790.382296889, "pool_tc_per_ha_mean": 104.68104960115205}