{"pool_tc_sum_mean": 111188087.75360253, "area_sum_mean": 608498.4096054047, "pool_tc_per_ha_mean": 182.7253547395549}