{"pool_tc_sum_mean": 16019727.835757002, "area_sum_mean": 608498.4096054047, "pool_tc_per_ha_mean": 26.32665522683186}