{"pool_tc_sum_mean": 18508123.588622622, "area_sum_mean": 608498.4096054053, "pool_tc_per_ha_mean": 30.416059099685473}