{"pool_tc_sum_mean": 38495586.80792695, "area_sum_mean": 417245.7651077395, "pool_tc_per_ha_mean": 92.2611804052386}