{"pool_tc_sum_mean": 16936228.415307116, "area_sum_mean": 417245.7651077392, "pool_tc_per_ha_mean": 40.590534000827844}