{"pool_tc_sum_mean": 15160622.393835563, "area_sum_mean": 417245.7651077392, "pool_tc_per_ha_mean": 36.3349940530154}