{"pool_tc_sum_mean": 81213809.29277626, "area_sum_mean": 417245.7651077396, "pool_tc_per_ha_mean": 194.6426209306297}