{"pool_tc_sum_mean": 17023913.29080498, "area_sum_mean": 608498.4096054047, "pool_tc_per_ha_mean": 27.976923229502834}