{"pool_tc_sum_mean": 52652839.85377144, "area_sum_mean": 608498.4096054053, "pool_tc_per_ha_mean": 86.52913306365974}