{"pool_tc_sum_mean": 15623808.560729004, "area_sum_mean": 417245.7651077395, "pool_tc_per_ha_mean": 37.44509799085605}