{"pool_tc_sum_mean": 93140448.1913393, "area_sum_mean": 417245.7651077392, "pool_tc_per_ha_mean": 223.22682692127273}