{"pool_tc_sum_mean": 15753168.45186801, "area_sum_mean": 1142790.3822968889, "pool_tc_per_ha_mean": 13.784827642848885}