{"pool_tc_sum_mean": 37743973.79023805, "area_sum_mean": 417245.7651077396, "pool_tc_per_ha_mean": 90.45981276884132}