{"pool_tc_sum_mean": 131021114.07375395, "area_sum_mean": 1142790.3822968886, "pool_tc_per_ha_mean": 114.65017216054554}