{"pool_tc_sum_mean": 17826146.291710064, "area_sum_mean": 608498.4096054053, "pool_tc_per_ha_mean": 29.29530465538906}