{"pool_tc_sum_mean": 118310712.98960519, "area_sum_mean": 608498.4096054047, "pool_tc_per_ha_mean": 194.43060346916369}