{"pool_tc_sum_mean": 127000315.77752843, "area_sum_mean": 608498.4096054053, "pool_tc_per_ha_mean": 208.71100691928626}