{"pool_tc_sum_mean": 39245418.40241264, "area_sum_mean": 417245.7651077392, "pool_tc_per_ha_mean": 94.05827855982884}