{"pool_tc_sum_mean": 18962725.984077822, "area_sum_mean": 608498.4096054047, "pool_tc_per_ha_mean": 31.163147979917735}