{"pool_tc_sum_mean": 51677560.85900911, "area_sum_mean": 608498.4096054047, "pool_tc_per_ha_mean": 84.92636963919207}