{"pool_tc_sum_mean": 36604223.86953051, "area_sum_mean": 1142790.3822968889, "pool_tc_per_ha_mean": 32.030566967110666}