{"pool_tc_sum_mean": 110290285.72506009, "area_sum_mean": 1142790.3822968889, "pool_tc_per_ha_mean": 96.50963766722302}