{"pool_tc_sum_mean": 38403209.25277734, "area_sum_mean": 1142790.382296889, "pool_tc_per_ha_mean": 33.604771135359826}