{"pool_tc_sum_mean": 17072980.275773376, "area_sum_mean": 1142790.382296889, "pool_tc_per_ha_mean": 14.939730452979893}