{"pool_tc_sum_mean": 40485069.63780242, "area_sum_mean": 1142790.3822968886, "pool_tc_per_ha_mean": 35.426505389756336}