{"pool_tc_sum_mean": 86586169.15699387, "area_sum_mean": 417245.7651077395, "pool_tc_per_ha_mean": 207.51838939488331}