{"pool_tc_sum_mean": 15393783.858561628, "area_sum_mean": 417245.7651077395, "pool_tc_per_ha_mean": 36.893804912763386}