{"pool_tc_sum_mean": 18644614.92388997, "area_sum_mean": 608498.4096054047, "pool_tc_per_ha_mean": 30.640367549983424}