{"pool_tc_sum_mean": 17505144.136702336, "area_sum_mean": 1142790.3822968889, "pool_tc_per_ha_mean": 15.317895922013994}