{"pool_tc_sum_mean": 18551242.107958633, "area_sum_mean": 1142790.382296889, "pool_tc_per_ha_mean": 16.233285119771985}